id,label,size
0,3p・4p,26
1,mountain documentary,19
2,unfaithful wife,18
3,bittersweet,18
4,hunter,18
5,friends reunion,18
6,dreamlike,17
7,self-reflexive,17
8,20th century,16
9,solo,16
10,crossbow,16
11,big butts,16
12,drug rehabilitation,16
13,spacecraft,16
14,ransom,15
15,shogun,15
16,copenhagen,15
17,public information,15
18,female wrestler,15
19,super robot,15
20,struggling actor,15
21,war on terror,14
22,dirty talk,14
23,nazi officer,14
24,israel,14
25,cops,14
26,stand-up comedy,14
27,greenwich village,14
28,5th century,14
29,amateur football (soccer),14
30,african american man,14
31,psychedelic,14
32,abusive boyfriend,14
33,loss and grief,14
34,paraplegic,14
35,inuit,14
36,reporter,14
37,campfire,14
38,original musical,14
39,rich family,14
40,world war ii,14
41,bartender,14
42,gang rape,14
43,nude swimming,14
44,rock opera,14
45,catfight,13
46,theatre performance,13
47,racial injustice,13
48,grave,13
49,siblings,13
50,radio dj,13
51,german politics,13
52,brazilian politics,13
53,flying,13
54,coven (akelarre),13
55,colonel,13
56,stoner movie,13
57,usa president,13
58,québec,13
59,geek,13
60,class society,13
61,one on one,13
62,bomber,13
63,prostitute,13
64,magic,13
65,princess,13
66,stalked by a killer,13
67,environmentalism,13
68,cycling,13
69,motorsport,13
70,time,13
71,drug dealing,13
72,train travel,13
73,north africa,13
74,balkan war,13
75,female teacher,13
76,trans women,13
77,goat climber,12
78,mind control theatre,12
79,employment,12
80,video surveillance,12
81,computer animation,12
82,dog hero,12
83,backcountry,12
84,trance,12
85,flower,12
86,nightclub performer,12
87,porn star,12
88,anal,12
89,pension,12
90,nephew,12
91,wacken,12
92,tokyo joshi pro-wrestling,12
93,based on visual novel,12
94,boat,12
95,family conflict,12
96,pop music,12
97,mountain lion,12
98,nuclear explosion,12
99,poker,12
100,dance film,12
101,recording,12
102,jocks,12
103,swordsman,12
104,russian invasion of ukraine,12
105,jewish history,12
106,horse race,12
107,dual identity,12
108,conspiracy theory,12
109,dress,12
110,wedding ceremony,12
111,angry mob,12
112,exodus,12
113,war refugees,12
114,italian filmmaker,12
115,granddaughter,12
116,anti war,12
117,death of sister,12
118,war photographer,12
119,mental hospital,12
120,metaphor,12
121,war trauma,12
122,greek mythology,12
123,algeria,12
124,immigration law,12
125,bleak,11
126,past,11
127,narrative,11
128,anxiety disorder,11
129,aspiring writer,11
130,educational,11
131,rubber/latex,11
132,dancers,11
133,kurdistan,11
134,darkness,11
135,shaving,11
136,teen angst,11
137,deaf girl,11
138,wild west,11
139,sex tape,11
140,advertising,11
141,farm,11
142,joyful,11
143,historical drama,11
144,elderly man,11
145,female masturbation,11
146,overcoming fears,11
147,retribution,11
148,christmas,11
149,vibrator,11
150,end of the world,11
151,midnight,11
152,bank teller,11
153,1980s,11
154,cartoonist,11
155,giant monster,11
156,live music,11
157,tv episode,11
158,roman catholic,11
159,sport competition,11
160,monochrome,11
161,thriller,11
162,bathroom sex,11
163,based on memoir or autobiography,11
164,american  way of life,11
165,pregnant,11
166,young boy,11
167,vejez,11
168,cultural revolution,11
169,butterfly,11
170,babies,11
171,divorcee,11
172,tragic hero,11
173,little girl,11
174,ancient greece,11
175,impregnation,11
176,activism,11
177,fantasy,11
178,ghost child,10
179,pedophilia,10
180,sex doll,10
181,intolerance,10
182,north sea,10
183,curta,10
184,weightlifting,10
185,cartoon donkey,10
186,detective inspector,10
187,lost child,10
188,post spanish civil war,10
189,criminal justice system,10
190,el salvador,10
191,policial,10
192,prison visit,10
193,troubled marriage,10
194,saturn,10
195,sorority,10
196,hit by a car,10
197,lesbianism,10
198,sympathetic,10
199,japanese,10
200,lovers,10
201,spiritualism,10
202,horseback riding,10
203,flying car,10
204,vaccination,10
205,video collage,10
206,african american history,10
207,sexual assault,10
208,uncut,10
209,homemade,10
210,told in flashback,10
211,kickboxing,10
212,underground,10
213,classical musician,10
214,famous singer,10
215,correspondence,10
216,special unit,10
217,tourism,10
218,televison,10
219,spanish,10
220,violent man,10
221,women of color,10
222,ice age,10
223,safe sex,10
224,identical twin,10
225,pumpkin,10
226,college basketball,10
227,communist party,10
228,laughter,10
229,alien monster,10
230,clown,10
231,teamwork,10
232,detective comedy,10
233,nuclear power,10
234,nazi spy,10
235,cruise ship,10
236,attempt to escape,10
237,suicide note,10
238,ecological disaster,10
239,manufacturing,10
240,australia,10
241,paleontologist,10
242,surreal humor,10
243,mysterious events,10
244,redhead,10
245,jazz band,10
246,dublin,10
247,park ranger,10
248,buenos aires,10
249,oxford university,10
250,adaptation,10
251,little red riding hood,10
252,bbc,10
253,fbi,10
254,astronomy,10
255,british raj,10
256,stepfather,10
257,dysfunctional relationship,10
258,petrol,10
259,aids,10
260,fashion magazine,10
261,skateboard  video,10
262,airplane crash,10
263,gilf,10
264,transplant,10
265,class reunion,10
266,chinese emperor,9
267,based on movie,9
268,film noir,9
269,starting over,9
270,lgbtq+,9
271,library,9
272,holy grail,9
273,corrupt official,9
274,absurdist,9
275,self-destruction,9
276,brain surgery,9
277,student short film,9
278,expensive restaurant,9
279,royal navy,9
280,mistake in person,9
281,bad cop,9
282,queen,9
283,kimono,9
284,games,9
285,kodak,9
286,bank robber,9
287,rediscovered film,9
288,peeping,9
289,religious conversion,9
290,japanese army,9
291,wisconsin,9
292,stigma,9
293,river,9
294,pablo picasso,9
295,female boxing,9
296,countess,9
297,economics,9
298,city planning,9
299,music video,9
300,foreboding,9
301,monastery,9
302,alternate history,9
303,convention,9
304,modeling shoot,9
305,alien possession,9
306,ballet,9
307,rooster,9
308,rastafarian,9
309,gentle,9
310,unrequited love,9
311,watermelon,9
312,high school graduation,9
313,cinema,9
314,natural wonder,9
315,dark humor,9
316,rainstorm,9
317,genie,9
318,alabama,9
319,black cat,9
320,luto,9
321,book of mormon,9
322,shoplifting,9
323,labor,9
324,bromance,9
325,veracruz,9
326,czechoslovakia,9
327,treasure map,9
328,cricket,9
329,presidential debate,9
330,erotic,9
331,school project,9
332,medicine,9
333,demonic,9
334,alien planet,9
335,freestyle,9
336,estranged father,9
337,hotel manager,9
338,stock footage,9
339,sexual humor,9
340,youtube,9
341,military coup,9
342,single father,9
343,guerilla filmmaking,9
344,therapist,9
345,missionary,9
346,art school,9
347,telephone,9
348,stormy night,9
349,russian revolution (1917),9
350,concentration camp,9
351,premonition,9
352,romantic rival,9
353,kung fu,9
354,puppet show,9
355,excercise,9
356,survive,9
357,dark future,9
358,loss of eyesight,9
359,information technology,9
360,cab driver,9
361,drunk driving,9
362,sacrifice,9
363,driving,9
364,u.s. marshal,9
365,south seas,9
366,sleeplessness,9
367,lie,9
368,running,9
369,new neighbor,9
370,cheetah,9
371,coal,9
372,elope,8
373,spoof,8
374,real story,8
375,strange,8
376,mexican american,8
377,sexual obsession,8
378,trust,8
379,married woman,8
380,rent,8
381,computer program,8
382,italian immigrant,8
383,polyamory,8
384,self mutilation,8
385,politician,8
386,sexual torture,8
387,super hero,8
388,missouri,8
389,gothic horror,8
390,wife swapping,8
391,satanic ritual abuse,8
392,publisher,8
393,leather jacket,8
394,greek,8
395,talking to animals,8
396,crime documentary,8
397,patriarch,8
398,riviera,8
399,birthday,8
400,veterans,8
401,nazi propaganda,8
402,gold mine,8
403,v-cinema,8
404,research,8
405,volcano eruption,8
406,assassination of president,8
407,ske48,8
408,d-day,8
409,spiritual journey,8
410,jewelry heist,8
411,psychotic break,8
412,korean,8
413,project,8
414,composer,8
415,royal court,8
416,website,8
417,alternative,8
418,batman,8
419,emigrant,8
420,powerful,8
421,southeast asia,8
422,andalucia,8
423,croatia,8
424,hunchback,8
425,miser,8
426,lumberjack,8
427,online dating,8
428,american football team,8
429,biracial,8
430,magic realism,8
431,girls' school,8
432,religious belief,8
433,heroes,8
434,cellar,8
435,general,8
436,vienna,8
437,deep south,8
438,clarinet,8
439,mental illness,8
440,life challenges,8
441,existence,8
442,architecture history,8
443,female painter,8
444,adopted son,8
445,older woman seduces younger guy,8
446,us army,8
447,hand to hand combat,8
448,carefree,8
449,stranded,8
450,senegal,8
451,prison life,8
452,strong woman,8
453,bus station,8
454,ex-girlfriend,8
455,trailer trash,8
456,homeless,8
457,petite woman,8
458,sexual exploration,8
459,digital,8
460,newspaper man,8
461,gun control,8
462,cine independiente,8
463,political satire,8
464,folk tale,8
465,glasses,8
466,mutation,8
467,supernatural creature,8
468,arms dealer,8
469,cuban revolution,8
470,experimental film,8
471,family friendly,8
472,sexual massage,8
473,juvenile delinquency,8
474,morality,8
475,madagascar,8
476,pervert,8
477,junk food,8
478,gunfighter,8
479,summer camp,8
480,gender dysphoria,8
481,stopmotion,8
482,chinese,8
483,soundscape,8
484,fish out of water,8
485,ice,8
486,parolee,8
487,college friends,8
488,incurable disease,8
489,dark secret,8
490,pizza delivery boy,8
491,metaphysics,8
492,mother son relationship,8
493,olympic athlete,8
494,pop punk,8
495,pool,8
496,contamination,8
497,chimp,8
498,sexual exploitation,8
499,tears,8
500,humanity and the world around us,8
501,bible quote,8
502,owl,8
503,meat,8
504,assistant,8
505,cattle ranch,8
506,british secret service,8
507,roller coaster / rollercoaster,8
508,masked villain,8
509,ethnography,8
510,ex military,8
511,culture shock,8
512,tree,8
513,bulimia,8
514,police officer,8
515,sickness,8
516,right wing,7
517,tent,7
518,trial,7
519,power,7
520,brothers,7
521,pub rock,7
522,bed,7
523,religious community,7
524,mischievous,7
525,redneck,7
526,abused child,7
527,multiverse,7
528,mind,7
529,freedom,7
530,russian woman,7
531,life,7
532,internet chat,7
533,rock singer,7
534,octopus,7
535,traditional values,7
536,years of lead,7
537,entrepreneurship,7
538,old hollywood,7
539,desert,7
540,power outage,7
541,boys' school,7
542,ambient,7
543,nihilism,7
544,muscles,7
545,animal abuse,7
546,cover-up,7
547,innuendo,7
548,documentary short,7
549,macao,7
550,failure,7
551,roadhouse,7
552,reputation,7
553,aquarium,7
554,south africa,7
555,the idolm@ster,7
556,little people,7
557,laboratory,7
558,graduate student,7
559,small village,7
560,generation z,7
561,explorer,7
562,transgender rights,7
563,pernambuco,7
564,domineering mother,7
565,whistleblower,7
566,brother-in-law,7
567,confederate soldier,7
568,cortometraje,7
569,door to door salesman,7
570,technicolor,7
571,girl band,7
572,mental health care,7
573,ethnic stereotype,7
574,martial arts training,7
575,ottoman empire,7
576,motogp,7
577,surf,7
578,hawaii,7
579,blow job,7
580,plot twist,7
581,political persecution,7
582,secret formula,7
583,scam,7
584,money problems,7
585,torment,7
586,reincarnation,7
587,neurodiversity,7
588,disturbing,7
589,lawsuit,7
590,love and romance,7
591,mystical,7
592,autumn,7
593,british prime minister,7
594,flower troupe,7
595,mexica (aztec),7
596,cuckold,7
597,calgary,7
598,society,7
599,plastic surgeon,7
600,tenderness,7
601,whales,7
602,fever dream,7
603,dead soldier,7
604,rwanda,7
605,remorse,7
606,cyberbullying,7
607,rural,7
608,sex,7
609,proto-slasher,7
610,voetbal,7
611,historical figure,7
612,shipwrecked,7
613,conservation,7
614,newsreel,7
615,personification,7
616,strangle,7
617,role reversal,7
618,beanstalk,7
619,hopeless romantic,7
620,filipino american,7
621,snowboard,7
622,double cross,7
623,childhood,7
624,madman,7
625,adult video,7
626,memory,7
627,ultimatum,7
628,zorro,7
629,drug,7
630,evil child,7
631,marriage proposal,7
632,48hourfilmfestival,7
633,sexual tension,7
634,celebratory,7
635,beautiful landscapes,7
636,cum swallowing,7
637,architecture,7
638,improvisational theatre,7
639,chinese new year,7
640,sunset,7
641,fine art,7
642,micro budget,7
643,social network,7
644,forced prostitution,7
645,new wave,7
646,framed,7
647,russia,7
648,bukkake,7
649,new faces,7
650,child cancer,7
651,media criticism,7
652,baseball pitcher,7
653,shopping,7
654,orphanage,7
655,creation,7
656,drug scene,7
657,sin,7
658,abandoned mine,7
659,sex industry,7
660,haunted castle,7
661,cheerful,7
662,rabbit,7
663,spray paint,7
664,hong kong protests,7
665,male domination,7
666,arab spring,7
667,shoemaker,7
668,semi-fiction,7
669,stalinism,7
670,russian war crimes,7
671,introspection,7
672,gay friend,7
673,optimistic,7
674,couples,7
675,coachella,7
676,mortality,7
677,thailand,6
678,canuxploitation,6
679,dread,6
680,male homosexuality,6
681,consequences,6
682,radical,6
683,massachusetts,6
684,family clan,6
685,lgbt teen,6
686,chanchada,6
687,idaho,6
688,kitsch,6
689,colombia,6
690,pig,6
691,intergenerational sex,6
692,champion,6
693,toxic relationship,6
694,arizona,6
695,rescue team,6
696,sculpture,6
697,mumblecore,6
698,beirut,6
699,polar bear,6
700,nobility,6
701,future war,6
702,safecracker,6
703,calais,6
704,synthesizer,6
705,tycoon,6
706,moving on,6
707,pre-teen,6
708,private school,6
709,steroids,6
710,harvesting technology,6
711,loss of innocence,6
712,fighter pilot,6
713,asmr,6
714,tease,6
715,acceptance,6
716,edgar allan poe,6
717,silent film star,6
718,awkwardness,6
719,seal (animal),6
720,pov,6
721,texan,6
722,bravery,6
723,anthropomorphism,6
724,zoo animals,6
725,family values,6
726,philadelphia,6
727,prequel,6
728,metamorphosis,6
729,anisong,6
730,run away,6
731,sexuality,6
732,climate,6
733,chauffeur,6
734,siren,6
735,baboon,6
736,indie music,6
737,patriotism,6
738,classic literature,6
739,pact,6
740,manor,6
741,sea adventure,6
742,live action remake,6
743,ceremony,6
744,florida,6
745,reconciliation,6
746,great wall of china,6
747,immorality,6
748,marital separation,6
749,mathematician,6
750,police chase,6
751,dance hall,6
752,adulthood,6
753,eco-horror,6
754,psychological stress,6
755,family holiday,6
756,work,6
757,fur,6
758,beautiful  woman,6
759,strip club,6
760,gaither,6
761,angels,6
762,impalement,6
763,bill clinton,6
764,swindle,6
765,independente,6
766,land rights,6
767,telegram,6
768,archival,6
769,south pacific,6
770,roommate,6
771,deepthroat,6
772,corporate,6
773,breaking and entering,6
774,crime does not pay,6
775,nashville tennessee,6
776,15 second film,6
777,microfilm,6
778,british cinema,6
779,frontier,6
780,vietnam,6
781,leipzig,6
782,prehistory,6
783,european union,6
784,baker,6
785,homegrown,6
786,rite of passage,6
787,gay marriage,6
788,precocious child,6
789,spin off,6
790,undercover,6
791,walking,6
792,poverty,6
793,washington state,6
794,mother superior,6
795,based on short,6
796,ancestor,6
797,first love,6
798,prophet,6
799,freedom fighter,6
800,fluxus,6
801,fortune,6
802,chile,6
803,raf (royal air force),6
804,figure skating,6
805,designer,6
806,abortion clinic,6
807,betrayal by friend,6
808,mystery killer,6
809,tit fucking,6
810,execution,6
811,courier,6
812,healing power,6
813,roller-skating,6
814,perfectionist,6
815,yeti,6
816,mentor,6
817,romeo & juliet,6
818,folk rock,6
819,duo,6
820,rock-and-roll,6
821,prosecutor,6
822,orthodox,6
823,cowboys and outlaws,6
824,violent father,6
825,sharks,6
826,biographical,6
827,traveler,6
828,environmental documentary,6
829,art documentary,6
830,small town,6
831,navajo,6
832,attraction,6
833,moving,6
834,sarcasm,6
835,decolonization,6
836,knife throwing,6
837,eating,6
838,3d,6
839,bite,6
840,copyright,6
841,female ninja,6
842,melodrama,6
843,film in film,6
844,versailles,6
845,multiple murder,6
846,resistance,6
847,gay for pay,6
848,track and field,6
849,fourth of july,6
850,hijack,6
851,down syndrome,6
852,celibacy,6
853,craft beer,6
854,vampiress (female vampire),6
855,holiday horror,6
856,werewolf,6
857,whip,6
858,1960s,6
859,hippies,6
860,lake,6
861,usa cinema,6
862,nollywood,6
863,swimsuit,6
864,men's aesthetic,6
865,creative process,5
866,mime,5
867,time bomb,5
868,dead children,5
869,minecraft,5
870,special ops,5
871,rockabilly,5
872,lodge,5
873,beehive,5
874,difficult choice,5
875,sheik,5
876,loss of sense of reality,5
877,working woman,5
878,adult cartoon,5
879,coward,5
880,cult movie,5
881,natal,5
882,heiress,5
883,pinball,5
884,dressmaker,5
885,idealist,5
886,channel islands,5
887,talking dog,5
888,product placement,5
889,stowaway,5
890,intimidation,5
891,death match,5
892,tribe,5
893,georgia europe,5
894,suburbia,5
895,overpopulation,5
896,woman in peril,5
897,amour,5
898,emancipation,5
899,dungeon,5
900,movie serial,5
901,blood,5
902,hiroshima,5
903,murder witness,5
904,zoophilia,5
905,printer,5
906,tuberculosis,5
907,podcaster,5
908,sleep paralysis,5
909,evil scientist,5
910,transvestism,5
911,gi,5
912,doppelgänger,5
913,youth culture,5
914,coffee,5
915,loch ness monster,5
916,goodbye,5
917,mississippi,5
918,rent boy,5
919,stutter,5
920,dadaism,5
921,privacy,5
922,valet,5
923,giuseppe verdi,5
924,acrobats,5
925,montage,5
926,stag film,5
927,repayment,5
928,possesion,5
929,briefcase,5
930,german,5
931,piano lessons,5
932,hades,5
933,ax,5
934,sexual violence,5
935,cliff,5
936,crime syndicate,5
937,hybrid,5
938,child,5
939,tamil,5
940,saboteur,5
941,bay area,5
942,antique,5
943,diabetic,5
944,calabria,5
945,sioux,5
946,bronx,5
947,inheritance,5
948,audience,5
949,studio,5
950,massacre,5
951,menstruation,5
952,glamour,5
953,television producer,5
954,kayaking,5
955,reanimation,5
956,social documentary,5
957,state visit,5
958,biologist,5
959,art thief,5
960,meteor,5
961,bisexuality,5
962,donald trump,5
963,stork,5
964,sudan,5
965,gender equality,5
966,tank,5
967,puerto rico,5
968,shibari,5
969,laxative,5
970,clock tower,5
971,workplace comedy,5
972,sci fi,5
973,rebellious youth,5
974,songs,5
975,entertainer,5
976,shepherd,5
977,levitation,5
978,incheon,5
979,experimental mockumentary,5
980,held at gunpoint,5
981,border,5
982,imagination,5
983,necklace,5
984,east asian lead,5
985,drastic change of life,5
986,mail order bride,5
987,social problems,5
988,pier,5
989,based on magazine,5
990,troubled childhood,5
991,trans pornography,5
992,outlaw,5
993,french,5
994,church choir,5
995,dedication,5
996,cosmonaut,5
997,counter-culture,5
998,cheese,5
999,freedom of speech,5
1000,handcuffed,5
1001,soundie,5
1002,paranormal,5
1003,exhibitionism,5
1004,brainwashing,5
1005,sinhala cinema,5
1006,synthwave,5
1007,cellist,5
1008,polish history,5
1009,mpb,5
1010,aotearoa,5
1011,school principal,5
1012,homoerotism,5
1013,diplomat,5
1014,rule the stage,5
1015,wall street,5
1016,horror anthology,5
1017,kink,5
1018,cologne,5
1019,training camp,5
1020,social worker,5
1021,business,5
1022,street performer,5
1023,sequel,5
1024,mongolian,5
1025,scottish highlands,5
1026,parenthood,5
1027,bratva (russian mafia),5
1028,womenhood,5
1029,dummy,5
1030,uncanny,5
1031,overweight,5
1032,2030s,5
1033,international,5
1034,manitoba,5
1035,perception,5
1036,teenage dreams,5
1037,nurse uniform,5
1038,television history,5
1039,sea turtle,5
1040,recovering alcoholic,5
1041,irish film,5
1042,hipster,5
1043,seinen,5
1044,unsociability,5
1045,unprotected sex,5
1046,cheerleading,5
1047,love of one's life,5
1048,tv production,5
1049,heatwave,5
1050,filmmaking,5
1051,poltergeist,5
1052,artwork,5
1053,sleaze,5
1054,makeup artist,5
1055,movie riffing,5
1056,san fernando valley,5
1057,animal testing,5
1058,special effects,5
1059,full moon,5
1060,bad dream,5
1061,virtual world,5
1062,in the closet,5
1063,queer romance,5
1064,evacuation,5
1065,joan of arc,5
1066,rise to power,5
1067,slovenia,4
1068,queensland,4
1069,psychadelic,4
1070,swan,4
1071,malaysia,4
1072,manga collaboration,4
1073,roast,4
1074,corn,4
1075,ambush,4
1076,sigmund freud,4
1077,brighton,4
1078,ontario,4
1079,alchemy,4
1080,paganism,4
1081,forced labour,4
1082,vulgarity,4
1083,ku klux klan,4
1084,pioneer women,4
1085,mardi gras,4
1086,nymphomaniac,4
1087,liminal,4
1088,slumber party,4
1089,hamster,4
1090,appalachia,4
1091,montevideo,4
1092,scout,4
1093,variety show,4
1094,burned alive,4
1095,social guidance,4
1096,hitchhike,4
1097,spring break,4
1098,bulgarian,4
1099,escapade,4
1100,narcotics,4
1101,just married,4
1102,free spirit,4
1103,wounded soldier,4
1104,obsessive compulsive disorder,4
1105,prison sentence,4
1106,baghdad,4
1107,horror filmmaking,4
1108,consent,4
1109,hypnosis mic,4
1110,shot on iphone,4
1111,closure,4
1112,showbiz,4
1113,lithuania,4
1114,internet troll,4
1115,expedition,4
1116,genius,4
1117,anarchist,4
1118,absent father,4
1119,cringe comedy,4
1120,shenanigan,4
1121,husband,4
1122,eurowestern,4
1123,gas mask,4
1124,film score,4
1125,fear of commitment,4
1126,coney island,4
1127,rehabilitation,4
1128,alexander the great,4
1129,house arrest,4
1130,performing arts,4
1131,hacking,4
1132,rafting,4
1133,ecology,4
1134,dagger,4
1135,sexton blake,4
1136,code,4
1137,grime,4
1138,tribute concert,4
1139,michael jackson,4
1140,water shortage,4
1141,ego,4
1142,short horror,4
1143,racketeers,4
1144,star,4
1145,ping pong,4
1146,riot,4
1147,narco,4
1148,trench warfare,4
1149,bahia,4
1150,action packed,4
1151,infomercial,4
1152,factory worker,4
1153,graduate,4
1154,revolutionary war,4
1155,edited from tv series,4
1156,harmonica,4
1157,schoolgirl uniform,4
1158,flesh eating,4
1159,governor,4
1160,laundromat,4
1161,taunting,4
1162,impact,4
1163,lisbon,4
1164,american experience,4
1165,social change,4
1166,scarecrow,4
1167,translator,4
1168,tram,4
1169,conflict,4
1170,reflective,4
1171,sushi,4
1172,taipei,4
1173,eerie,4
1174,film crew,4
1175,arte,4
1176,pakistani culture,4
1177,manipulation of the media,4
1178,kindness,4
1179,hanukkah,4
1180,pride,4
1181,talent,4
1182,dinner,4
1183,judo,4
1184,found family,4
1185,bike racing,4
1186,wormhole,4
1187,vaudeville act,4
1188,invisible person,4
1189,shapeshifting,4
1190,peru,4
1191,costume designer,4
1192,beefcake,4
1193,street fighter,4
1194,solidarity,4
1195,goose,4
1196,busker,4
1197,jehovah,4
1198,body-swap,4
1199,will,4
1200,may 68,4
1201,mysterious force,4
1202,flamenco,4
1203,arena,4
1204,mechanic,4
1205,borderline personality disorder,4
1206,politique,4
1207,scotland yard,4
1208,mexican history,4
1209,practical joke,4
1210,romantic comedy,4
1211,banjo,4
1212,stakeout,4
1213,fascist,4
1214,st. pauli,4
1215,gnome,4
1216,engineering,4
1217,children's perspectives,4
1218,abstract cinema,4
1219,yellowstone,4
1220,awards show,4
1221,sexual blackmail,4
1222,filmed play,4
1223,human,4
1224,fictitious country,4
1225,u.s. marine,4
1226,bucharest,4
1227,impersonator,4
1228,criminals,4
1229,great depression,4
1230,debut,4
1231,peter pan,4
1232,funeral,4
1233,mission of murder,4
1234,snake,4
1235,heist,4
1236,world peace,4
1237,criminal mastermind,4
1238,stolen cars,4
1239,bedtime story,4
1240,captain nemo,4
1241,sexual murder,4
1242,harmony,4
1243,pottery,4
1244,songwriter,4
1245,european animation,4
1246,collectivization,4
1247,caribbean,4
1248,homicide detective,4
1249,mist,4
1250,physicist,4
1251,shot on video,4
1252,men,4
1253,split personality,4
1254,bow and arrow,4
1255,women's sexual identity,4
1256,skit,4
1257,exchange student,4
1258,shot,4
1259,world's fair,4
1260,bone,4
1261,ingmar bergman,4
1262,support,4
1263,accidental killing,4
1264,cautionary tale,4
1265,audio visual experience,3
1266,baltic sea,3
1267,misfit,3
1268,christmas romance,3
1269,eccentric family,3
1270,mumbai (bombay),3
1271,faith tested,3
1272,customs,3
1273,meme,3
1274,kerala,3
1275,tax evasion,3
1276,munich,3
1277,match,3
1278,classmates,3
1279,newfoundland and labrador,3
1280,custody,3
1281,night vision,3
1282,paintings,3
1283,scratch film,3
1284,evil corporation,3
1285,macho,3
1286,plumber,3
1287,australian football league (afl),3
1288,child protagonist,3
1289,courtroom drama,3
1290,pulp,3
1291,coincidence,3
1292,heartfelt,3
1293,femme fatale,3
1294,russian roulette,3
1295,dying mother,3
1296,bowery boys,3
1297,local legend,3
1298,wistful,3
1299,essay,3
1300,mushrooms,3
1301,slapstick,3
1302,arthouse horror,3
1303,entity,3
1304,day in a life,3
1305,inquisition,3
1306,edutainment,3
1307,dirty old man,3
1308,war effort,3
1309,jack the ripper,3
1310,lizard,3
1311,parallel universe,3
1312,love story,3
1313,observation,3
1314,community spirit,3
1315,erotic horror,3
1316,winning lottery,3
1317,castaway,3
1318,cyborg,3
1319,die hard scenario,3
1320,caregiver,3
1321,ice cream truck,3
1322,black panther party,3
1323,trailer compilation,3
1324,kendo,3
1325,dog trainer,3
1326,inequality,3
1327,zombie,3
1328,rehearsal,3
1329,chemist,3
1330,old flame,3
1331,religious film,3
1332,japanese high school,3
1333,cloning,3
1334,dj,3
1335,music scene,3
1336,grotesque,3
1337,afghanistan,3
1338,horror short film,3
1339,bengali,3
1340,tennis player,3
1341,hobby,3
1342,metafiction,3
1343,crime spree,3
1344,film parable,3
1345,search for meaning,3
1346,family portrait,3
1347,comedic,3
1348,interview,3
1349,whorehouse,3
1350,warlord,3
1351,capture,3
1352,venezuela,3
1353,french music,3
1354,avant garde film,3
1355,leprosy,3
1356,comedy of errors,3
1357,promotion,2
1358,bankruptcy,2
1359,suffragettes,2
1360,quest for identity,2
1361,sports documentary,2
1362,child soldier,2
1363,chocolate,2
1364,dominican,2
1365,social outcast,2
1366,lgbt in the military,2
1367,heaven,2
1368,leader,2
1369,family secrets,2
1370,long lost relative,2
1371,man vs machine,2
1372,gonzo,2
1373,boy girl relationship,2
1374,comedy,2
1375,pretending to be gay,2
1376,gunman,2
1377,movie,2
1378,experimental short film,1
1379,venezia 70 - future reloaded,1
1380,horror,1
1381,music,1
1382,аллатра,1
1383,warkop dki,1
